-0.209803373737,0.004641435214,-0.035004584068,-0.119042566432,-0.161583353244,-0.068073276855,0.187751549475,-0.075150908738,0.007982449284,0.085414332716,-0.057866856177,0.200243326653,0.196571893729,-0.104373113998,-0.001169574162,-0.084640407999,-0.091457582165,-0.196860605407,0.046572374520,0.001700444966,-0.190652366678,-0.093784926831,0.173541069928,-0.109694299319,-0.150949210264,-0.003624800190,0.206434831600,-0.109648641337,0.073885285988,0.111200060501,-0.111600199944,0.097007638097,-0.056146548151,0.057226794003,0.057115542213,0.015194388741,-0.174155015418,0.143555517622,-0.076980694420,-0.132105203321,-0.195207774566,0.038635749770,0.075080753691,-0.205483407426,0.005140381178,-0.115887593425,0.061160712113,-0.139826867564,0.081161665716,-0.048145264798,0.185640270520,-0.154791135314,-0.067557727536,-0.164300327275,0.180523985572,0.160995261782,-0.102462567465,0.067466548883,0.135610254193,0.023465523274,0.013558204081,-0.109518210776,-0.171897389984,0.168960429036
0.149836160106,0.031596047630,-0.068409829457,0.074359632676,0.096046698035,0.178169082859,0.207052790574,0.321397953601,0.060373214330,-0.024145478132,-0.143831059629,0.165998010989,0.045239667383,-0.178888759067,-0.169401993223,0.062881305905,-0.210382854018,-0.144170860859,0.029492333181,0.082213020831,0.064593982667,-0.158872712888,0.090190756453,-0.110764860882,-0.074217132101,0.151457891813,0.026321913746,0.148443958666,0.137138786123,0.027051241817,-0.175006749343,-0.056229878275,-0.109052702012,-0.123465909093,0.201677612430,-0.045440816578,0.120182745035,0.051161220576,0.297369356171,0.007859450649,0.028663336744,-0.015522799601,-0.157662236535,0.094557442630,-0.062158201507,-0.176899949594,0.103859532328,0.023794851644,0.183816988069,0.192950852941,0.176345887885,0.072570973868,-0.158813214683,0.182064836119,-0.031545235575,0.198420800894,0.197070364264,0.293633786323,0.005396250297,-0.045555483604,0.163798121024,-0.070293175122,-0.065302697689,-0.036906140734
0.185395764779,0.083048418128,0.029780814013,-0.168133070368,0.048885978126,0.208289806477,-0.151716345208,0.010325337330,0.160409500072,0.105854734927,0.083745234810,0.086549530098,-0.059725920754,-0.088160059370,0.131499759743,0.131740118819,0.156030971720,0.175655645238,0.004948065302,0.000644529488,0.126795958937,0.063485169404,0.085849808113,0.125732220338,0.165779083247,-0.069220275454,-0.053317434491,-0.172585589421,0.033274441705,-0.197256437733,-0.014623207439,0.018126901581,-0.090728420178,0.038610380554,-0.199569672013,-0.196658827221,0.136593048018,-0.060389594977,-0.154790454024,0.008783459623,0.114765822198,-0.121083748809,0.052236900977,-0.176255834854,-0.189935527967,0.012687018055,0.018475615272,0.062275416806,0.096332193111,0.202269848733,0.006928768681,-0.072810286468,0.126245700905,-0.097412048560,-0.025941341932,-0.179185019170,-0.201758566316,0.198314585734,0.142814649944,0.083302510871,-0.038701258134,-0.138996274140,-0.146054112832,-0.106853850483
0.006910536736,0.049089873763,0.065306808685,0.073823157881,0.193724973217,0.142756264425,0.107322727894,0.068365071052,-0.037322843010,0.057648557739,-0.068748599948,0.163196177229,-0.211591314473,-0.065497593458,-0.192980089584,-0.199527967508,0.151095186218,0.083585967819,0.013935183910,-0.193657002301,-0.002153117323,-0.040971192277,-0.138911672750,-0.147468167302,-0.045159963911,0.145906396485,0.032790010555,-0.196197938009,0.011591935097,0.028277589726,0.008780786015,0.149241937145,0.089497091799,-0.100013754000,-0.225919513120,0.066957183207,-0.236206439730,0.112999596025,0.209324570852,0.116447881894,-0.059503467551,0.069231414997,-0.002961602800,0.022961634285,0.176656491737,-0.001966862961,0.201117266410,0.205769824387,-0.121529373589,-0.183051053657,-0.169696796037,-0.152711673034,-0.202357039825,0.077790460468,-0.187604421750,-0.123294362090,0.124161010130,-0.163506013719,0.248884763332,-0.109595609477,-0.180892705158,0.106027806675,0.186386123393,0.123078060870
0.086708601592,0.133314431027,-0.088604108519,-0.517484941963,0.106707106957,0.175068058996,-0.040834439449,-0.037143494871,-0.056097488124,-0.295703377241,-0.061239132017,-0.013094631133,0.150187120557,0.022503144931,0.106637451266,0.108390447989,-0.168699641088,0.169115185465,0.002581809101,0.166515058227,-0.075957123408,0.185586996245,-0.047096903953,-0.157025421053,0.170617500360,-0.133684403027,-0.076804126261,0.189771171202,0.223093698564,0.041955180913,0.052163166874,-0.032100123059,-0.086985095480,-0.022532195623,0.088648965902,0.103469885322,0.123941139723,0.168339249202,-0.205640002958,0.053269712649,-0.190857923000,0.020962912049,-0.041349914313,0.033348550623,-0.063371369299,-0.145393810265,-0.179586961749,0.042973592077,0.050250804434,-0.169550285574,-0.176783200173,0.050705581021,-0.181605094956,0.136812653166,0.087667125752,-0.166764377875,-0.148627492288,0.196942408549,-0.019414816172,-0.055371758875,0.192738091215,0.198903232201,0.252284758267,0.117071491525
-0.042473063792,-0.242230002092,0.123212649764,0.045241449750,-0.032233182944,0.178688477729,-0.147170003871,-0.209282920162,-0.228614565048,-0.041562351636,-0.206006036909,-0.149438416599,-0.165506453845,0.088635832924,0.104585989341,0.035385396771,0.196455107592,-0.075851131696,-0.040701511578,0.072991366317,-0.117110299609,0.185538840067,-0.207367887771,-0.047922275086,-0.208568305771,0.204684802117,0.009364013853,0.191067485623,-0.208737511376,0.013057799246,0.212769898119,0.008652394507,0.099815090526,0.091632643546,-0.122776643868,0.085292368058,0.033652847637,0.220961497511,-0.214234335670,-0.061010898561,0.160452217988,0.194275979189,0.062401242024,0.049971171905,-0.145278600236,-0.101250380022,-0.037784293954,-0.124369125068,0.025110275120,-0.179491810150,0.201650408032,0.233868167779,-0.010078222313,0.015343437331,-0.092098277247,0.030198810768,0.154787126923,-0.327752139326,0.194048737923,0.106066828861,0.136856234986,0.109765468744,0.099081373427,-0.048433358838
0.196050445658,0.115669703787,-0.179970729880,-0.096947662963,-0.052529482225,0.139904648315,0.267620421988,-0.215491294212,0.020464809301,0.043980168747,0.192345199188,0.193079270668,0.141594852742,-0.011106708532,-0.036207567689,-0.095828968630,-0.188570913230,0.133499729318,0.169010568881,0.151812550318,0.211294328721,0.008315951383,0.114338144411,0.035073022059,0.135061333693,-0.074103114497,-0.021022142598,-0.174796697257,0.181382591995,0.025590392312,-0.110061608106,0.069494438095,0.097344539004,-0.055018713752,-0.230522857700,0.092837973829,0.008304117579,0.151130016055,0.015378648302,0.140993458293,-0.008540131586,0.062540495493,0.195387672121,-0.038202494067,-0.179936244677,-0.165395073540,0.085511463109,0.004989101816,0.080836072561,-0.122009965152,-0.154567122437,-0.160785622254,-0.118796567607,0.038221198779,-0.056936026684,-0.093134757184,0.231615821020,-0.190222226670,0.022209747701,0.094105032741,-0.070008734628,0.065400632506,0.202475397550,0.157767088828
-0.154698048903,0.174000089753,-0.003351117448,0.147268174746,-0.017370113027,0.124345319764,0.107993975251,0.166984908861,0.056704534430,0.170777458481,-0.180287245067,-0.104651478049,-0.158106090394,-0.228359663950,-0.153523282355,0.057786270265,-0.135222834962,-0.065602015004,0.177080535226,-0.010873820652,0.071223558512,-0.173367200760,-0.130798322221,-0.195162403496,-0.140725359000,-0.133416987455,-0.148683429144,-0.174829699968,-0.156033419422,-0.016671720057,-0.124379169987,-0.057694640539,-0.002349580190,0.009913847429,-0.195824012985,0.127270004084,0.027111683165,-0.295081140277,0.470901553975,0.057522545177,-0.187699107040,-0.099240128165,0.122501074698,0.105527436335,-0.086813914295,-0.147867664330,0.054978802833,0.315935931010,0.093986089315,-0.055720715406,-0.015925321392,0.297989742585,-0.140533946628,-0.105231318682,0.090688241844,0.167990076596,0.004963715727,0.169785931977,-0.165592529545,-0.023773008904,0.013864580689,-0.124530447942,-0.170764356845,-0.099176533800
-0.204002736182,-0.075628586734,-0.122654435056,-0.073325484929,-0.161627235435,0.166000943173,0.039783227267,0.076130798970,0.122917657011,-0.000662172554,-0.175587276907,0.015772831358,0.036913445510,0.104328650560,-0.029049391277,-0.158303975269,-0.091910105502,-0.058199437160,0.062024859417,0.030085645512,-0.061168784883,0.206802428795,0.044961570275,-0.111696679243,-0.169269826701,-0.147558731877,-0.107985430913,-0.144233744614,-0.133230563382,-0.091349328072,-0.138838677655,0.168652583199,-0.178429517140,0.010419025732,-0.038087508772,0.205044075849,-0.164910139011,-0.043418392861,0.199557210364,0.155365657221,0.134777428946,-0.102907942753,-0.139895401928,0.071684962736,0.182514315097,0.024128131995,0.030440316417,-0.093524011692,0.114553024320,-0.133027922692,-0.074948446629,-0.031694639853,0.003234934157,-0.109493573126,-0.163720829560,0.047021123196,-0.089846546581,0.034531829255,-0.146919608667,-0.008016753335,0.013852749367,-0.190505809106,-0.069454415269,-0.155398896393
-0.216803902056,0.156123343339,-0.093416094626,0.395268298654,-0.104294590248,0.024205953379,0.258911280537,0.106172785310,-0.012335685157,0.220794728642,-0.173823636500,0.285794372224,0.140535978485,0.193063302963,-0.159699509688,0.092507527381,0.186324830176,-0.135206241488,-0.168890078206,0.027282219322,0.031656193149,0.118771816063,-0.153121505682,0.013777328268,-0.126901152067,-0.135206938479,-0.176557862474,0.133293373371,0.093306990470,0.074013113756,-0.038399084289,0.143496766970,-0.049089113331,0.081103314783,-0.063919286068,-0.097827376567,-0.061891495599,-0.154056398666,0.381141522640,0.010601548654,-0.125310301433,0.204045303419,0.028992235061,0.024859724384,0.164610765366,0.033813814462,-0.052617025337,0.461866306160,0.067594715409,-0.070176464055,-0.153334169263,0.247700237373,0.024646819190,0.014223264549,0.151053918560,0.070286026809,-0.312726629545,-0.036682221654,-0.046710533918,0.083433766365,-0.329661310030,0.017002507220,0.080083218593,0.158106305177
-0.056225578214,0.110771193081,-0.169230901981,0.030560304364,-0.158096304669,-0.101146389572,0.047624216248,-0.171607686704,-0.134461523469,-0.049137772312,0.092558595308,-0.016688285879,0.079049595828,-0.060789819213,-0.105502463848,-0.065374848471,-0.135342860604,0.152159114550,0.064658516572,-0.081710673245,-0.015663087194,0.185863734207,-0.147349485862,-0.031119193235,-0.010980626774,-0.001577373521,-0.204836301934,0.141204069550,0.127029922477,0.050520640589,0.085134839599,0.187750328352,0.087102825120,-0.209723824457,-0.003448881934,0.067689280413,-0.032278065388,0.031595606463,0.327172212238,0.109068732721,-0.044160840481,-0.166003237267,0.237504240115,0.140479493218,-0.163521137494,0.155375724686,0.194475216213,0.105790560179,0.038625547388,-0.042930794447,-0.189256913761,0.013320775833,0.118080253566,-0.210565446908,-0.070774299009,-0.085836892785,0.105152317360,0.119113048577,-0.118753226853,-0.069205110692,0.132264251782,-0.032757045992,-0.195537915182,-0.018830117888
-0.193735103561,-0.170385769177,0.016162386196,-0.031487603783,0.176338028724,0.044325450890,-0.003788592324,0.224697557634,-0.206968330840,0.068954220352,-0.140696132867,0.132962996189,-0.149342495239,0.110510497313,-0.176254898391,0.202340302689,0.000933030298,0.040584989816,-0.176647015248,0.133879905420,-0.123310067005,0.132663960609,-0.125335924526,-0.120847611091,-0.196998253503,0.134428014988,-0.021686166199,-0.184603685894,0.266268778952,-0.056526190764,0.007369003022,-0.044566506180,-0.018452706563,0.130569585130,-0.141543598208,-0.139603515997,0.098460345108,0.303178615780,-0.018825263991,0.031621847784,0.052179830369,-0.029941325461,-0.246886848479,-0.256705907046,0.108995210469,0.151682852737,-0.224436894967,-0.125917958913,-0.106313691380,0.073066233703,-0.204156041487,-0.116012358351,0.139691490679,-0.136640618770,0.054902255233,-0.109927453787,-0.179151298868,-0.006426263337,0.286298971538,0.137522163338,0.172751166662,-0.011002060677,0.287251941285,-0.197147624865
-0.100976726600,0.135990954584,-0.212964393802,-0.056020056848,-0.123581154599,-0.152062175132,-0.081555418007,0.089780389250,-0.033350572404,0.274560219563,0.133673365229,-0.045604856752,-0.109351422665,0.019673241234,0.038381558371,-0.105955995220,0.052771821108,-0.038181398591,0.044812038220,-0.021572516777,-0.085371143929,0.165011441861,0.112050585489,-0.200708755752,0.156624222032,0.051542519801,0.126724912450,0.127459098909,0.029706930684,-0.212371009186,-0.093940711985,0.017358964604,0.064628278087,-0.049009726335,-0.170649412168,0.146484731192,0.160596436396,0.047807276325,-0.075733094580,-0.018508307558,-0.211144777475,0.159669019176,-0.159279232793,0.030992563015,-0.091654169953,0.036029655875,0.089193813525,0.222178497641,-0.112349222281,-0.207860391992,-0.154348571434,0.230928564038,0.150857510409,0.041407265600,0.040196621325,0.062908784463,-0.128762721429,0.239158420839,0.060286083473,-0.061809654294,0.040759638511,-0.181900490483,-0.044564922827,0.076465462283
-0.177696878381,0.044379692147,-0.108179104253,-0.048274775703,-0.089819689236,-0.060164334863,0.092665812894,-0.086237218798,0.027748575714,-0.010680125531,0.069533858396,0.185651837618,0.098859130710,-0.119834097563,-0.199279398888,-0.101054125585,0.040414657182,-0.191237666856,-0.001544594761,0.041723423119,-0.070457742181,0.115756354299,-0.167222788897,-0.179305124896,0.096492310724,-0.000907651831,0.080083971199,-0.028135666915,-0.107014654080,0.135024134143,0.127097012597,0.082759385549,-0.096831613839,0.039605536766,-0.058610678935,-0.173643846139,0.177386959995,-0.153126368758,0.190557236769,-0.021545788991,-0.134394980102,0.017810783337,0.157978339575,0.098711542249,0.130309564005,0.067880823124,0.081258723209,0.146976025437,-0.106408306628,-0.004495117488,-0.118505154154,0.206861208157,0.188755748569,-0.195775269702,0.087383581669,0.181253046389,-0.135400173111,0.028274637115,0.177509280452,-0.198099301994,0.085000845254,-0.085834877473,0.181407157960,0.200465011317
0.167651195671,-0.002177935819,0.160113759574,-0.371601497604,-0.075949717193,0.205960690634,-0.516592085043,0.040921316936,-0.121853510904,-0.681488677650,-0.174164880028,-0.160446315514,-0.077845441280,0.168584319435,-0.184753437032,-0.077491283032,0.016786514297,0.115343962288,-0.078368177027,0.090200701582,0.166988371675,0.081961948481,-0.113510582339,-0.113279593804,0.152244327134,-0.150314392437,0.159273971734,0.006222101913,0.228852869222,0.146768818394,0.205866677164,-0.081222317834,0.112701564462,0.034684908915,0.018938877384,0.046432512031,0.158838463934,0.263143746796,0.084214433107,0.047405935195,-0.045769730316,0.097317457919,-0.133437175845,-0.327022578634,-0.061795577769,-0.073428425138,-0.117350250023,-0.195129538898,-0.194641875624,-0.204936724038,0.207315546687,-0.072381452603,-0.049148292651,0.076362445945,-0.119761467780,0.207725042765,0.164249748794,-0.199370017162,0.010063251137,0.160639407523,0.286325118493,-0.003080091345,0.099535020809,-0.118698293900
0.177779531565,-0.100640464937,0.201683765851,-0.685528799581,0.046973540623,0.105739202430,-0.600196421148,-0.137497825185,-0.120517148675,-0.945837368367,0.135192477760,-0.442026763381,-0.198836415191,0.317605891299,0.163135386495,0.182993553008,0.210369849674,-0.140624064050,-0.044448996411,0.171625333329,0.086751540818,-0.104009906203,0.134250791735,0.016498315651,-0.119062556717,0.099786068749,0.039505861954,0.032498616766,-0.101732360914,0.200077485746,-0.106345184755,-0.184792474684,0.164531438542,0.309395049555,0.193016945604,0.126609930349,0.065988514701,0.116610318269,-0.243578829835,0.089766975544,-0.060864799681,-0.102726037853,0.058308276078,-0.235836167787,-0.178084161427,-0.091658019226,0.029689646587,-0.312226666395,0.149287084043,-0.002063059697,-0.008252039314,-0.039756318293,0.138011732424,-0.064691549801,0.075669103497,0.064087722630,-0.025442141300,0.135503427508,0.201973837879,0.066548931450,0.308066471368,0.173485966260,0.179245694247,0.172858374151
0.087440721107,0.030904396207,0.071750332085,0.258622922582,-0.145116301244,0.196134870121,0.252830092925,-0.284724555757,0.124817273644,-0.029437557915,-0.085834401314,0.172102857113,-0.144200367030,0.182735024605,0.141179859948,0.003036071860,-0.209819940628,-0.105266091375,0.076092574655,0.136737276945,0.056029811198,-0.127106801030,0.056961636746,-0.154249687728,0.109574665745,-0.095188011571,0.105679457312,0.005426388204,0.214453066231,-0.098709416092,0.062978433434,0.175685803913,-0.116484398080,0.212071046852,0.009288126592,-0.163837794622,-0.088547932060,0.175302201850,-0.241515327898,0.068638753585,-0.091290353768,0.101621801527,-0.160031313527,0.161057371560,0.170078597134,0.265405253128,0.051438168861,-0.277818176097,0.091746148992,-0.202083245286,-0.203130344738,-0.060366815983,-0.064736388342,0.114941743153,0.061361996966,-0.089859816052,-0.057722980154,0.066055884440,0.023106163673,-0.046824420959,-0.203814563115,0.149964786421,0.198548939990,-0.174448772009
-0.181232417699,0.057550320974,0.066960753223,-0.093176015877,0.191647402914,-0.142186335875,-0.030892582591,0.154753753578,-0.035893451041,0.058618570116,-0.047276526921,-0.099429860228,0.205722914700,-0.012929352485,0.167519255993,-0.116506273369,-0.121950224920,-0.201067374733,0.067166723069,-0.064572208247,0.154877305912,-0.015217958995,0.199014395291,-0.172684030742,0.155524129419,0.135390704659,0.106308855678,0.144940555053,0.111940740600,0.052563880164,-0.154214129875,-0.198579239823,0.176030457126,0.053929861023,0.111438308022,-0.006740176937,-0.172967858158,-0.140581361714,0.088426501522,0.005393555990,-0.129328865960,-0.009990191004,-0.169191697220,0.037540244149,-0.105773186882,0.124966083603,-0.077287685208,-0.010507855726,-0.205746388261,-0.181739467082,-0.045697629625,-0.000840519887,0.030730827999,-0.088557727304,0.082880706662,0.130591620557,0.113000453921,-0.203130450362,0.009488881121,-0.168293959317,-0.120418918842,0.210419474394,-0.124453514018,-0.000545192736
0.050224310325,0.086061532004,0.025354791345,-0.208381093236,-0.073765874829,0.007528666119,-0.175185072155,-0.063493823676,-0.198420771179,-0.179133111554,-0.043814694168,-0.156121055425,0.028709503963,0.080535637652,0.127770012540,-0.127456760949,-0.141342763204,-0.168085853928,0.057992235673,0.087766379020,-0.199108092031,0.185420194366,-0.190443006546,0.017553781637,0.088865093735,0.157687381822,0.091001664692,0.128255179194,-0.068244706013,0.133822317656,-0.178480057507,0.167824222580,0.020230031854,0.134873366543,-0.020268007211,0.061030391465,0.011222946088,0.098441468590,-0.177836020691,-0.186880590220,-0.107498512268,-0.144716917349,0.158033576024,-0.119353359489,0.202275449591,-0.069330501957,-0.135121740313,0.123141782388,0.067461715791,-0.000766944552,0.023533315408,0.093175825948,-0.115425403746,0.210976037418,0.201819736073,0.063898751630,-0.127715114894,0.076609393775,-0.181845087661,-0.199504954332,-0.103001431751,-0.015887813068,0.156541133635,0.096562472587
0.103166957650,-0.031670455213,-0.065488220179,-0.054817391852,0.207284590630,-0.195485211270,0.156013619369,0.033442457599,-0.026092667051,0.095749992203,-0.005666616408,0.158730549135,0.170325840568,-0.033273987787,-0.094863529326,0.039255238763,0.175282771981,-0.122988461727,0.052269252001,0.055922138341,0.099089061111,-0.156609063644,0.091740448016,0.173866942382,-0.136156700605,-0.111562130876,0.200375323510,-0.135606728021,0.150638028755,-0.003282441909,-0.107444171312,0.157594197199,-0.023249026903,0.006298394117,-0.059835495750,0.039510502257,-0.143025486978,-0.046297835097,0.199532509219,-0.102809919495,0.066623858119,-0.074306240936,0.116244879770,-0.156904071732,0.199706244485,-0.019642621894,-0.112196699681,-0.181293204601,-0.140375594573,0.008405287601,-0.069284856093,0.139798041322,-0.029377553946,-0.106813710113,0.049794673057,0.087894533167,-0.141530080103,-0.141284684348,-0.196946497520,0.100487109107,0.069628185846,-0.010783621941,0.146296102625,0.129930829911
0.036281473005,0.156535577461,-0.125037709232,-0.164953850789,-0.097872244883,-0.188268536563,0.013250915411,0.185590820684,-0.195810665475,-0.160623474249,-0.020318699310,0.184425121451,-0.078146294703,0.003067986253,-0.194863051896,-0.149479755626,0.206851258213,0.197707423024,-0.210434543616,0.192051070990,0.059135538106,0.156385858904,-0.019238673003,0.006629384377,-0.004740970191,0.070922547379,-0.153180816979,-0.199793538749,-0.081642979693,0.087003396022,-0.126732780505,0.073720707691,0.199743586001,-0.172620115227,0.073367766689,-0.023910023983,0.156480621753,-0.137241022566,0.081887215179,0.143722243620,0.188991610627,0.077887785836,-0.001200919532,0.050093179116,0.156810980213,0.030011604463,-0.199615807283,0.183190225749,0.080560246341,0.075030324299,-0.120857607643,0.067541962305,-0.045113970188,0.064284412552,-0.167225008957,0.067095106365,0.212285168284,-0.192038502867,0.202831834151,-0.039570516796,0.157595705795,0.120031060198,0.028486518306,0.101355669442
0.137582700657,-0.024629660712,-0.067226192100,-0.353676397331,0.131582451517,0.184990372648,-0.133427449622,-0.027381519869,0.127368650725,-0.598993206060,0.029166492519,-0.404330060806,-0.081732192765,0.027014758535,-0.044133744222,0.083835011361,-0.047370468621,-0.030826116434,-0.112312977419,-0.011353958211,-0.113865049969,-0.145204445062,0.043972764306,0.175385712672,0.045244413268,0.042163405694,-0.051099308185,0.147823817022,0.058409227033,0.011680012366,-0.207334642792,-0.082610344481,-0.052310025707,0.050334716298,0.067168938763,0.010987891279,0.045867082942,0.178081924439,0.093631321090,0.185958403456,0.181541415268,-0.205660966378,-0.155621009559,-0.322156480560,0.062686892443,0.185075069808,-0.138292177197,0.095061040702,-0.186916590865,0.184665178989,-0.063070558904,-0.219944395023,-0.006005473666,-0.103386680397,-0.091443806714,-0.053539930444,0.178389577371,-0.002789698059,-0.027750765053,0.046441878521,0.212950288880,-0.084281945142,0.019910960064,-0.134876654118
-0.132577045659,0.054095688964,-0.130240952893,0.020795140582,0.088857230133,-0.159015768978,0.042039032836,-0.175312337575,0.185480157973,-0.009527200539,0.122003922900,0.033791331049,-0.194980088084,0.074668322031,0.191877454542,0.043245992619,0.135677209579,0.151006949376,-0.097885091402,-0.152436932995,0.047222470264,-0.039493085117,0.144464419277,0.083574241000,-0.070096917311,-0.089344402258,0.118987462993,-0.105685313940,0.128794758695,-0.040902170546,0.074889591605,-0.171940306153,0.071150532626,-0.011704384112,0.000189554601,-0.128730967098,0.100104165933,0.182966209870,-0.131226430441,-0.152189158157,-0.218375436299,0.073524273991,0.071055005707,0.019033674639,-0.132831941252,-0.032652888534,0.027513652435,-0.036218431065,0.203170370969,-0.154538100031,0.082949851712,-0.032173466511,-0.066376832249,0.092494010311,0.077931352275,0.170328197937,-0.119248419681,-0.239325975584,0.107744865792,0.021548160513,-0.105209451313,-0.170972286839,-0.147971079389,0.161999102968
-0.127738339474,-0.097938832917,-0.113705891397,-0.112981164108,-0.182810420459,-0.025940649150,-0.212700730973,0.067535611395,-0.120244755873,-0.042038392827,0.151293192003,0.036680806715,0.012061396323,-0.105693867651,-0.070985668115,0.072171646962,0.210043200736,0.061096010441,0.031936230380,0.064364416073,-0.014296034551,-0.187957373313,0.026480429671,0.124356133606,-0.142887750197,0.054465367136,-0.127205486904,0.009011273276,-0.209539611437,-0.004807099135,0.114053201990,-0.063883135709,0.064784931688,0.099085810718,0.152327348122,-0.106519848279,-0.043043491143,-0.180635597955,0.265452899769,0.160554144485,0.008149698602,0.144454201260,0.046015749698,0.049008589113,-0.187616504743,0.089157234019,-0.135739918004,0.187797363722,0.116817947260,0.088730847796,-0.197163727379,-0.053691475576,-0.118676957850,-0.059451642485,-0.175280182300,0.148497993216,0.051853261214,-0.126994802323,-0.071729428785,-0.022651291921,0.015759894454,-0.000954337588,0.134070317591,0.009164442664
0.197569208071,0.100102170474,-0.117953478144,0.220869628732,-0.163070655815,0.154965158678,-0.027467314390,0.054439462629,0.147053453471,0.147177248050,0.105799590100,-0.073954715499,-0.178138116618,0.036350548280,-0.138774526410,0.079599417615,-0.065418196908,0.192297452539,0.076021591933,0.100231049630,-0.156202278115,0.139251661489,0.179700870642,-0.147417710046,0.038810414880,0.181899368014,-0.156597367777,-0.007315649103,-0.023829786189,-0.166749971586,-0.047987239905,-0.185586370513,-0.192216913412,-0.137308729134,0.142170405291,0.034347032243,0.174635486054,0.040013576576,-0.074142374226,0.089733177004,-0.039056522671,-0.165362632098,0.104579035321,-0.120776514699,0.023860458049,0.086112025029,-0.151400701950,-0.196653229357,0.120360734168,-0.017087583630,-0.187810763271,0.231069845725,-0.233323423054,0.082903380991,0.200959157766,-0.174360922682,-0.137212228189,-0.208360776817,-0.013871669760,-0.178534980281,0.039175348929,-0.169263122244,0.098822659048,0.194897983046
0.112392012775,0.035338053585,-0.081448203471,0.127215117417,0.011494481271,-0.010618509877,-0.145229569782,0.359836580336,-0.021344976570,-0.043495947523,-0.056211367458,-0.054448035082,0.139226123937,0.152376957129,0.114473094583,-0.211203871725,-0.035640315209,-0.007930018150,-0.197065887115,-0.103677967167,0.110641069824,-0.186352791668,0.015009233449,-0.120141966878,-0.207382212608,-0.036795802809,0.181772318055,0.128174003310,0.273643225723,-0.009370123515,-0.168091320360,0.020386080042,-0.021132590463,0.148195091825,-0.170275022568,-0.004998325191,-0.180002064971,-0.041401984698,0.197529235466,0.010170841634,-0.058931323390,-0.035968450951,-0.054831090267,0.121151626097,0.188631047193,0.242056212593,0.137367982882,0.007187009158,0.068365449777,-0.026522962079,-0.104281852093,0.234530287144,-0.156822078109,0.170776467905,-0.016857937793,0.058393021737,0.067736372564,0.287044696521,0.158744472803,0.052960295367,-0.171337731196,0.023364658780,-0.051201618006,0.045114733840
-0.018115136581,0.087434090629,-0.189375639505,-0.688042527220,0.092805019987,-0.119374784035,-0.504193623659,-0.207387440702,0.192709075392,-0.455163269462,-0.044733205174,-0.338755627621,-0.072059194711,0.188038120143,0.068593603979,-0.132975074095,-0.138525937556,-0.172281891371,0.069177779294,0.151584420626,-0.097416507738,-0.166956210473,-0.177605767136,0.311549981610,-0.088307867017,0.159070336364,0.052990587418,-0.051393007910,-0.082608305386,-0.113076781347,0.045962531815,0.099855445136,0.055623972112,0.114604121655,-0.160612785227,0.198015163719,0.126974068136,-0.041607476336,0.189134990449,0.128447951316,0.030057182544,0.104990764646,0.113803284807,-0.069647439794,-0.158084876314,-0.064250000210,0.163880581708,-0.178539212290,-0.054337803421,-0.028871994482,-0.025757045304,-0.003563784740,0.188337692628,-0.110223424919,-0.160887936957,-0.101259670830,0.222686076829,0.043261540326,-0.049516035219,0.133646411774,0.304357817324,0.154048772296,0.213951132493,-0.071078223076
0.102233609073,-0.047459708998,0.143121150395,0.130764650641,0.117484177494,0.059804744512,-0.123585495654,-0.028647194925,0.202053317781,0.201657333966,-0.203341142055,-0.142574835331,-0.156623435325,0.115267971992,0.135080613018,-0.124228109321,0.002487796879,0.140751186163,0.112221792974,-0.003136708494,0.038403979874,-0.009920580424,-0.086055826789,-0.061121118216,0.077640079059,0.180057623187,0.044836332520,0.107417148733,-0.136786654866,-0.021294461681,-0.202663621267,-0.107032089010,0.098690530106,0.203539306893,-0.204339077011,-0.034507081099,0.111527250357,-0.117207079034,0.059350104666,0.123849181392,0.043986263584,-0.137364103592,-0.030284825809,0.120049491888,0.010453449156,-0.203660520916,0.125516056816,-0.159364360490,0.110036641316,-0.126466216473,0.194712721729,-0.025218419535,-0.096837679590,-0.149246717652,-0.084690067533,0.122146540369,0.208276090825,-0.066377375600,0.010823986152,0.088731503246,0.134180202332,0.042698947855,-0.020894852804,-0.044572868089
0.075745192211,-0.251263190584,0.045386019946,0.018430392539,0.125317053563,-0.164987324919,0.073237222095,-0.030582349860,0.058011167924,-0.124083903573,0.026096446353,0.041896028351,0.022037022594,0.086656333397,0.075011005541,0.125698177805,-0.097842018834,0.135852772085,0.021538742141,-0.201059621338,-0.186730888529,-0.091158888927,0.121100802018,-0.018611691003,0.121101172875,0.047167253931,-0.047240932484,-0.152178324284,-0.049990420001,-0.034018102275,-0.167059922467,-0.118590117216,0.049699724347,0.110594100505,0.170753221323,0.193813350503,0.032941223027,-0.012456189437,0.112492506599,0.166668461109,-0.168881064129,-0.044422092768,0.175887173311,-0.047839615730,0.019300313030,0.047668937582,-0.110948368121,0.008180796519,-0.060573933710,-0.201398972981,-0.202251212294,0.190724550824,-0.123538856442,0.007684718572,-0.087859827016,0.144928853689,-0.099019098168,-0.015593709383,0.217167629435,0.134165714939,-0.147415743726,0.135806616742,0.036868011269,-0.022087667502
-0.150253065921,-0.197061226280,0.090207878556,-0.179484018125,-0.025786689358,0.010186582165,-0.003411730585,-0.151898840355,0.031305467707,-0.355661866134,0.112975504301,-0.040766026178,0.182492681602,-0.306277011787,-0.188282196121,-0.091305665817,-0.101291467212,-0.124969253518,0.202241702320,-0.155037504378,-0.093221973502,0.117606812164,-0.021364022358,0.091345763208,-0.195637043873,-0.108234306976,-0.198246284116,-0.199460099048,0.086128704778,-0.074686239699,0.019405424701,-0.028014563399,-0.083265513962,0.132016179976,-0.224713901396,0.089359339465,0.196974493036,-0.115077569408,0.416060801996,-0.287097978356,-0.057523518554,-0.110461101895,0.149947822522,0.196365750536,-0.104054812198,-0.002638640360,-0.047004715868,0.223195754526,-0.015335087284,0.200634715590,0.046131552176,0.029748430016,-0.165584236772,-0.148244074664,-0.116759189308,-0.133165109717,0.247402106090,-0.032472694299,-0.087714119747,-0.164575041941,0.199774186607,0.062794201139,-0.355710262581,0.126605872159
0.005505481142,-0.208458134184,-0.016334442885,0.145560732776,-0.142076651740,0.222657847894,0.227194171725,0.106030367251,-0.018248281000,0.115849463838,0.056173401401,0.066487268799,-0.186688692372,0.075352792328,0.130242602657,-0.021668400287,-0.190449257648,0.119691009768,-0.113017603923,-0.117751681681,-0.142479342785,-0.098443546954,0.109137041655,-0.068339852153,-0.126832512040,0.231478134871,0.137783304564,0.155424719749,-0.055384463499,-0.043022865194,0.210554362074,0.112989117101,-0.185348958910,-0.151572005003,-0.042428740104,0.176584837108,-0.013446998881,0.053360014413,-0.140562523826,0.126794696302,0.129094672142,-0.043595831750,0.123449055112,0.199187623382,-0.129752652467,0.046870434400,-0.087969654276,0.151192300587,0.038196055365,0.057206780037,0.126633999517,-0.000984110039,0.161505987242,0.014039539323,-0.151213470510,0.055374309897,0.101297826738,-0.042047051597,0.242910028342,0.161255435024,-0.112973875077,0.222098703423,-0.049310380212,-0.163180546057
-0.142046186866,0.157075695826,0.080941319450,-0.514179433017,-0.024545146136,0.055987532135,-0.414822324672,0.160382511820,0.118807405507,-0.366538067126,0.194437683334,-0.228594545114,0.198466569849,0.079034908511,0.057244549820,-0.141234784629,0.162345554918,-0.042383176066,-0.143923772887,-0.209213419858,0.027681048973,0.020288580544,0.093240370129,0.174722426392,-0.185985424289,0.117071925291,-0.132871414274,0.143344639651,0.134293790023,0.029739169103,0.086161525365,-0.093541375561,-0.009298630278,0.144707889641,-0.020558699021,-0.064609276058,-0.002460107814,0.149391899493,-0.039799694220,-0.125288442151,0.075272898302,0.137318243951,-0.174627186850,-0.245552025732,-0.152239493580,-0.056196754036,-0.030417186291,0.088273047338,0.064248115013,0.051402955051,-0.062750796954,0.157219328758,-0.013161102567,0.203652537253,0.057019631085,-0.173571839890,0.128540771599,-0.113736291783,0.085309654696,-0.183301551798,-0.124292560570,0.154141889926,-0.105610923817,0.147557968235
-0.095816933627,0.051819623099,0.084401132093,-0.119316682219,-0.082074040616,-0.220014737116,-0.274902441925,-0.085341193649,0.050940187147,0.057491074172,0.164206454631,0.047088887660,0.115238154053,-0.065633772512,-0.101894565879,0.173878811553,0.072572970454,0.009761330044,-0.150390460842,-0.072914065722,-0.014671334472,0.178517627272,0.019828700658,-0.043893707749,0.192732514526,-0.292996041496,-0.032922242784,-0.207002289044,0.007079313379,0.284890131413,-0.084843772335,0.161144388293,-0.118184538916,0.180182999926,0.101839100093,0.136080901455,-0.204880351052,0.022673441232,0.364474043781,-0.179124155255,0.120477593139,-0.099782194543,0.220846338362,-0.172971346098,0.086565539674,-0.078769860081,-0.061769659241,0.137742908422,-0.207622193749,-0.013275761889,-0.084475927245,0.128850738813,-0.087023282690,-0.085048133226,0.103373829060,-0.205313212471,0.251210398596,0.103936401867,-0.043132640356,0.039058393521,0.217240763231,-0.175542010278,-0.401037968731,-0.041692055242
0.113484027829,-0.218131497209,0.035495959571,0.366757683893,0.151195294086,-0.015457394269,-0.135161381771,0.350830498495,0.042072670775,0.011215466495,-0.172638576374,0.175906048341,0.071921744313,0.114229428365,0.161092087524,0.025220831107,0.007415898937,-0.029573133748,-0.070550647773,-0.034119656883,0.116417682987,-0.003552137933,0.166849384315,-0.024067386528,0.045520433394,0.067658515586,0.008314374922,0.086133284689,-0.063929613335,0.005292560255,-0.170468919099,-0.049090625629,-0.011642094662,0.013586500821,0.191506671483,0.042783623072,0.065236105828,-0.044066048059,0.269805293516,-0.236606972176,-0.107717019095,-0.067663160647,-0.037745449914,-0.193130519936,-0.116848904223,-0.077006451251,0.253685315164,0.119130166690,-0.013068429559,-0.129179365452,0.047089146368,0.053051625747,-0.071174659004,0.007044506462,-0.212433760514,-0.209276634358,-0.119415070229,-0.057363661698,-0.109066528149,-0.065000464963,0.129334298624,0.029846662747,0.032039529857,-0.152192426692
0.171495075043,-0.049945163662,-0.175778717490,0.223350489875,-0.164145231489,-0.101995979759,0.057794996625,0.493234617079,-0.002743147030,0.294990012534,0.209481037868,-0.154130259394,-0.095754588924,-0.088752203530,-0.033228398455,-0.038884536286,0.173262699455,0.090978588702,0.053173085137,-0.105291616095,0.137633173972,0.138129202158,0.136531352554,-0.211869097830,0.057979959960,-0.174237032267,-0.112622178812,-0.187232285151,0.113040755141,0.079007220022,-0.167362535929,-0.049376460815,-0.022217147244,-0.123800622379,-0.161090429430,-0.034452761532,0.083305051985,-0.237219927612,0.038609711133,-0.176641664109,0.177580712580,0.100219659651,0.025247657261,-0.058693496933,0.083232729928,-0.154076340347,0.103378049735,0.372321967365,0.023824529872,0.158847594105,0.095203946782,0.014053811430,0.245864759401,-0.184291173254,0.011227329400,-0.152116325559,-0.207558260745,0.146787838694,-0.022868278209,0.000213149717,0.032815259376,-0.191350422434,-0.144300660910,-0.071004753592
-0.078498305825,0.095531596513,0.072427075307,0.137912311790,0.081822685269,-0.028138443768,0.046337321305,0.060411099073,-0.082330079020,0.121116734039,-0.022775389202,0.090438729326,0.137051675436,0.157103554642,0.177098619020,-0.028898441113,-0.076994055170,0.034940118489,-0.055126667759,0.017896588024,0.087388125708,0.045202710224,-0.053323647540,-0.141607317731,-0.029529807281,-0.105566206364,0.162891674437,-0.065512675153,-0.089202990196,-0.197653765484,0.060147000933,0.045229750804,-0.059438784769,-0.183296425626,-0.038413932708,-0.085706416771,0.069933855106,0.068240237220,-0.021203697562,-0.148011934857,0.196718771983,0.026391251029,0.050734153001,-0.152789700862,0.003068573885,-0.129244166613,-0.019480591001,0.177541357624,-0.068020610926,-0.195958388807,-0.199376035778,-0.011203311586,-0.115803256935,-0.202608128735,0.094584675971,-0.017630572780,-0.090054139815,0.194063081579,-0.101164043501,0.198143883902,-0.079076934954,0.176401307963,0.104384532286,0.076477501619
0.205738870403,-0.089942236112,0.196014284490,-0.046977792817,-0.048665311575,-0.067846454122,0.017601079907,-0.147012134273,0.022831073957,0.017727412492,0.111326276179,0.141824172350,-0.025316520791,-0.084021958669,-0.102299214432,-0.129805864096,-0.188030189416,-0.066970440740,-0.097660526379,0.198259455317,0.024530218654,-0.064917758158,0.034204262592,-0.153366207254,-0.023785253597,0.053658265248,-0.004719184765,-0.041750762456,0.209919517495,0.161659920658,0.052456016411,0.029490148215,0.051288999367,-0.126962889050,-0.044573668422,-0.195761360806,-0.010394615285,0.018288406134,-0.115725079437,0.197244162157,0.174046359766,0.094426147477,0.014191612565,0.157262328332,-0.156998146628,0.123486635195,-0.159476947737,0.125059758648,-0.095314199535,0.160289422014,0.188748417892,-0.149285858377,-0.015865433910,0.204452703734,-0.007052980455,0.154532691061,0.037716997222,-0.052993360237,-0.091056716341,-0.126150589783,0.111282230033,-0.048228084972,0.004792846626,-0.003262198625
0.039944769323,0.133120870551,0.206901257806,-0.131966561301,0.140146869568,-0.002387099028,-0.031406691667,0.178419383005,-0.142808813864,-0.256030827381,0.147519373867,-0.085905562893,0.138233715931,0.016252030380,-0.185985603873,0.164010040672,-0.021967954547,-0.012777169822,0.067966456927,0.114243095317,-0.201645643012,-0.002583903450,0.079794773975,0.049566020497,0.071040796334,-0.279286658786,-0.085270666551,-0.073608637121,0.024897069074,-0.010797584576,-0.113271411165,0.195261031975,-0.230332267852,0.170492973298,0.050477677113,0.149107026355,-0.087304375303,-0.376595967302,0.359858825465,0.021871978191,0.080241441448,-0.155662932998,0.173273112072,0.108338841907,0.065121668504,0.028562502134,0.252087272379,0.291931739718,-0.174879340741,-0.005259031483,-0.179528069489,0.068771840283,-0.044985703012,-0.184475653183,-0.064261666693,-0.202232766821,0.198547452013,0.137257971653,-0.297748295365,0.192927534257,0.013803827645,-0.123790818012,-0.385610353644,0.044130820552
0.125189354433,0.085518257204,-0.191184867214,-0.178064197619,-0.041285532370,-0.087015613865,-0.112896942398,-0.091402531895,0.129001030423,0.185336076742,-0.040337879042,0.171833247855,-0.075876599189,-0.013653779920,-0.116456511510,0.058995074270,0.203599904033,0.043991680997,-0.060438789573,0.062832577036,-0.160284635960,0.162860829320,0.001310891104,-0.021529841852,0.036498438321,0.049937106667,-0.185922234579,0.077624874004,-0.109696778134,0.090944578118,0.137099461969,0.129203262941,0.021649098970,0.008573590918,-0.151802268807,0.117041044045,-0.099729606278,-0.005133291866,-0.087742950828,-0.155648120126,0.055070928306,-0.192041396783,0.105691318932,-0.077538152972,-0.211979365324,0.003539261541,-0.191633847826,-0.091456900013,0.087156094316,-0.185886976020,0.144242188866,-0.208563009318,-0.107142030391,0.102400786085,-0.078097817843,-0.169223105080,-0.059410193466,-0.096382915142,0.145676119956,-0.079339967408,0.122816164692,0.165484647051,-0.028165424866,0.173438310378
-0.050123139670,0.187659642067,-0.168604627250,0.089324129806,-0.002629458092,-0.059330357870,0.059934940433,0.080831525810,-0.212741309012,-0.124362048231,0.089118415803,0.072919772849,0.198102230574,0.097421969318,0.191609391534,0.086093637868,-0.085841695295,-0.170055794526,0.119794517390,0.052171062712,-0.192052007069,-0.063338657116,0.194171326694,-0.021457659417,-0.030038164724,-0.022916623210,-0.123744856691,-0.057606480568,-0.065351053508,-0.190210531232,0.113955962691,-0.035494429760,0.138274581580,0.136605105963,-0.131316587501,0.066817570086,-0.011782138864,0.152404042656,-0.100701634494,0.062070933569,0.043433001335,-0.087014898658,-0.149068332712,0.064457323478,0.100507260987,-0.078627773656,0.063943398567,-0.034002893781,0.090627411252,-0.127854187203,0.165868203509,-0.074461980709,-0.058276806081,-0.187841301666,-0.165134018406,-0.007584852541,-0.087004652242,0.129170704251,-0.214365144851,-0.051400074707,-0.082472635470,-0.205611895911,-0.167216115911,-0.040271935864
-0.000583432306,-0.081435558284,0.016748267941,0.000188573741,-0.208316426653,0.009881313374,0.184597111343,-0.166204654756,0.055133733089,-0.147909012484,0.103703712485,0.110341688883,0.006918101625,0.256636274233,-0.159166902252,-0.205104192568,0.114835813448,0.108396393852,-0.127291929826,-0.148568215480,-0.204847823645,-0.084945800828,0.116104074995,-0.153033702793,-0.078598485102,0.000046504459,-0.212330432791,-0.103028998828,0.051088653168,0.187104969223,0.154739597001,-0.202895835615,0.198240711732,0.146141499667,0.052189181005,0.001257113862,-0.044079361086,-0.010854719257,-0.234364416752,-0.049331233028,-0.135155627352,0.011352819982,0.159198338502,-0.013746553574,-0.228870936933,0.222149403794,0.158167378182,0.031004111870,0.205510456919,0.018908049613,0.196708364309,-0.188876507323,-0.129484497820,-0.116731841211,-0.137170834114,-0.223916988661,0.104465153844,-0.027095646178,0.063561993268,-0.169854660324,0.102178457373,0.074580535515,0.019289119543,0.074447156882
-0.102056890421,-0.065803954468,0.177460185598,-0.089049987963,-0.012757049348,0.165836805704,0.088295854764,-0.186093727529,-0.149920454194,-0.209201159948,0.055650761757,-0.022242391667,-0.155458332071,0.194653484546,0.012607421791,-0.109713094909,0.000256559236,0.076350990360,-0.180127466032,-0.095766367780,0.130481437588,-0.017145203130,0.019798487555,-0.028557817979,-0.193873881381,-0.142079323371,-0.023148547562,-0.123616170781,-0.191289851886,0.146074733231,0.204539907014,0.124605875102,0.150382914535,-0.109677458759,0.195798132825,-0.128827412049,0.191888705328,0.210332218898,0.089996748443,0.204519164776,0.029559187195,-0.102211273719,-0.026781080142,0.039769829876,-0.181469686899,0.052004298596,0.204533661733,-0.131725554026,0.124373040418,0.173385030511,0.188603681555,0.195589266322,0.009121821813,0.202888675947,0.109374528180,-0.143812899781,-0.009819042875,0.092805759862,-0.107397736200,0.059771120341,0.070816657424,-0.143375798367,0.027665732426,0.115460111591
-0.018187273755,-0.205732711391,-0.190779247427,-0.454313783916,0.181673793028,-0.071214652464,-0.204148552745,-0.118289483182,-0.088607526984,-0.259595808414,0.105246494830,-0.365721069643,-0.035126882244,-0.149932103202,-0.008123001501,0.069546520640,-0.162162613021,-0.104320658784,-0.043925707923,0.200719351215,0.211087191339,-0.167437691286,0.110946311852,0.004995025943,-0.054769892160,0.151600090626,0.177860000594,0.180594988811,0.058960271815,-0.042123530438,0.116126261349,-0.119727710286,0.028998944194,-0.005848453241,0.080210445574,-0.113166853802,-0.131094201133,0.220540663040,-0.166456784042,0.061120887356,-0.135492873387,-0.196144041933,-0.215692897328,-0.257711650325,0.155902616228,-0.077458361066,0.168957887700,-0.024149285892,-0.026943327140,0.034043260864,0.007097961740,0.094685269262,-0.092434290896,-0.062463686396,0.167517172669,0.196286207151,0.226085433577,-0.075200753485,0.151389039204,-0.010575901855,0.081871837757,-0.116351559949,0.076316830648,-0.117384445660
-0.110151410965,0.120425651652,-0.118324345891,-0.107553943378,-0.183201403986,0.235955782039,0.018592609042,0.107723121065,0.132144769917,0.216595145653,-0.071301593401,0.066073767997,0.115245836505,0.139849306684,-0.148096046145,0.151654950337,0.016617872674,-0.092359593901,-0.025199685216,-0.188474984943,-0.158182193741,0.084026763464,-0.212529429567,-0.022965556271,0.009568374543,-0.114639818330,0.155038509365,-0.116415563178,0.020245491029,-0.072783545948,-0.113152677670,-0.219543788827,0.090799945429,0.275831482607,-0.111541631020,0.069304465304,0.052682976841,0.179238222219,0.083305819625,-0.008537398676,-0.081612386663,0.089379114598,0.119950950509,-0.135335952831,-0.040904607862,0.210785514472,0.150826558877,0.290949040667,0.105108679421,-0.045399382423,0.038527310824,0.137265975083,-0.156087270139,0.018914266797,0.080305961443,-0.139475989582,0.119276257293,0.126431304229,0.322088297033,-0.194109063494,-0.056756283315,0.054194965766,0.018554428891,0.048581151391
0.091002724716,-0.159917701515,0.011793190646,-0.406462033291,-0.055065170318,0.231088102209,-0.117462689011,0.083827545511,0.089381992788,-0.460421197972,0.191974715214,-0.112413485640,0.092223701901,0.205803864307,-0.096035107170,0.131030191615,-0.129543696036,-0.067767435719,-0.070300782749,0.233703394585,0.152994790286,0.117461610402,0.096514733902,0.118512117669,0.188476370637,0.027454509138,-0.050788187746,-0.144792061952,0.152373354561,0.144893815256,-0.051273968597,-0.215508473444,0.137781292040,-0.128835120422,0.113602078689,0.198631033408,-0.026498221338,-0.083356409343,0.086042702179,0.199924287305,0.015695184664,0.197654415263,-0.202802502295,-0.105354190989,0.092857946381,0.152525239056,-0.145363137968,0.090074882695,0.022404130806,-0.043971797117,-0.156546432547,0.116354520734,-0.145682449085,-0.080853236973,-0.089245083344,0.180887448471,0.122929718125,0.110687982906,-0.077968179200,0.052495993896,0.161069401566,0.144874829527,0.190116060622,-0.175691632549
0.073970429517,-0.190500596787,0.020768291705,-0.090270690465,-0.082133229365,-0.062502745176,0.051557629735,-0.070540173701,0.098913094625,-0.040582424900,-0.183479565705,0.120617441623,-0.091067441222,-0.028578698466,0.078826399687,-0.071217651897,-0.188481580996,-0.053592222982,0.188921203608,0.060246863131,0.072890427422,0.056229009731,-0.127949035316,-0.034713722326,0.106666666485,-0.169443924263,-0.094427842845,-0.095079757025,-0.028896629490,0.204189740384,-0.183841151979,0.007949208310,-0.136292053911,0.200069890941,-0.164372595982,-0.040976201454,0.101117473213,0.086949695085,-0.032845641748,-0.065237780126,-0.043521778292,-0.100198794230,-0.125253759491,-0.007209294563,-0.098389067039,-0.090343404488,0.066632103999,0.199160578043,0.044052935324,-0.179812809276,-0.180406142856,0.191885904330,-0.086165350433,-0.173399576422,0.042100758882,0.052559231661,0.063124758298,-0.098870129335,-0.206111295483,0.197663501953,-0.105887581753,0.074823274278,0.087831900559,0.046760715299
-0.080356162652,-0.096023673595,0.041619291494,0.152948193876,0.189892547860,-0.164958687457,-0.147624466085,0.189043485723,0.099170283626,0.161867666507,-0.126568057553,0.037320993463,0.085498156030,0.079419620144,-0.039041845978,-0.205990487766,0.035249275331,-0.106566052222,-0.021145365424,0.195591142234,-0.042916931352,0.145859586969,-0.132391655476,0.076070902844,0.201516833580,-0.166936598694,-0.208997827693,-0.029475569648,-0.171561936824,0.103809482910,0.175768125556,-0.028045622675,-0.102405499603,-0.025175805636,0.096024853606,-0.208769428194,0.038024095517,0.050928294315,0.057251973458,-0.106618705965,0.089392794774,-0.173686710257,-0.129082064946,0.160450720998,0.101473751341,-0.205790697914,-0.107942936551,-0.124508825345,-0.097423067712,-0.107304452966,-0.185956400747,-0.018181872154,0.098927727275,0.045368320840,0.073482344129,-0.177134550107,0.192678458570,0.142755359309,0.131621499418,0.137294719234,0.186181634645,0.019527954596,-0.125263759214,0.050157500642
0.103241332979,0.101131249062,0.009117309897,-0.183434712865,-0.054785862188,0.178854736417,0.035896592533,0.016293711215,-0.098253147772,-0.055918253208,0.168049268043,0.070758239579,0.122159244307,-0.019406333961,0.055364022801,-0.106954264980,0.087334978359,-0.030774410604,-0.024422106215,0.063472253896,0.185449258537,-0.185327277375,0.138038202060,-0.088251451793,-0.023838087388,-0.203219703861,-0.084569095057,0.001118459016,-0.188655680144,-0.003784927183,0.181551381238,-0.167735011629,0.112405489805,-0.038396012455,0.065959496909,-0.101915929656,-0.144739198421,-0.144326732224,-0.182570451899,-0.133621762293,0.069804528748,0.162244751368,0.133525012604,0.078694809732,-0.165593240967,-0.089609828745,-0.080845153818,-0.106285488310,0.006378437020,0.015112815658,-0.060833299681,-0.062149659573,0.139658717398,0.122969349499,-0.081699985625,0.175888536716,0.192477513383,-0.073646331135,-0.061879405088,0.002394902554,0.187506672504,0.159961631150,-0.168935939464,-0.045596808901
0.002102717033,-0.060058234720,-0.119025558253,0.392355674667,0.075174483357,0.212455763890,0.286422130741,0.075230594355,-0.033261025651,0.272544668678,-0.163536842616,0.163263036398,-0.136339417738,0.236556986220,-0.114939371881,-0.167258183865,-0.142277103473,-0.219250835564,0.121654267486,0.047962976050,0.006347700385,-0.186425148138,-0.177018037312,-0.399760128276,-0.147019277340,0.327256400987,-0.137650492683,-0.068659872905,-0.071548624254,-0.163591631952,0.018592765182,0.038804950264,-0.064748131512,-0.123373253401,-0.119160582586,-0.101122372376,-0.157804302707,0.346523198610,0.011711988642,0.156311288775,-0.055708257038,0.005902572829,0.043282995659,0.090724086361,0.056695893371,-0.044822311708,-0.034284195869,-0.099571462715,0.157517389459,0.055862076605,0.013816462890,-0.127897997381,-0.013939288644,-0.162714657423,-0.084118250545,-0.226658296953,0.055101309964,-0.147016246726,0.125864618483,0.142070273075,-0.178447895130,0.044631344296,0.190335003039,-0.272687021608
0.131474934139,-0.217470876986,-0.011268421461,-0.003050904437,0.054946350974,0.097958382289,-0.114075052978,-0.339185398875,0.078680614176,-0.036710483618,0.135063253321,0.132775252046,0.139969124892,0.022753109397,-0.070719369863,0.124427267518,-0.020703350506,-0.152360241923,0.185589717129,0.119140581872,-0.012939811281,-0.179398187524,-0.047681623773,-0.008243706209,0.159525211296,-0.092935355807,-0.184168856814,0.146039342270,-0.061937462752,0.011840071183,0.205757056384,-0.183937789272,0.091444936463,-0.159286806187,-0.111312169673,0.145867657020,-0.028613662973,0.254672598536,-0.000230039974,-0.040105987321,-0.143309768403,-0.049161009740,-0.008554398490,-0.184850178288,-0.087136211427,0.003295584030,0.077989373772,0.015120277218,0.087245131822,-0.208979235335,-0.120010765622,0.075195795575,-0.067419174119,-0.210275782676,0.123019429881,0.057797303144,0.077440608216,-0.301736874793,0.129728043856,0.015240915200,0.111930307415,0.117802888629,0.167596015925,0.008992923557
-0.195630982479,0.043655005254,0.051185623127,0.206686812095,-0.140323268200,-0.058139886776,0.179526044067,0.376270367088,0.173525173519,0.224791400547,0.041303865767,0.033349643702,0.165406120327,0.175861915675,0.056275414780,-0.153467728165,-0.011085274374,0.092019539805,-0.084265157690,-0.113589900257,-0.079136405963,-0.155090366454,-0.121181729094,-0.019276324008,0.173359407411,0.148327733624,-0.176500428827,-0.179816123828,0.232339725527,-0.056919794110,0.132331160391,0.067803043082,0.112402750553,-0.072651884975,0.087549821567,-0.100289877309,0.125413860821,0.152039530956,0.054032941611,0.002274386705,-0.139497097786,0.080109278832,-0.173939846394,0.040510440145,-0.070087990469,0.145535732363,0.148530577989,0.225393164795,0.090654714602,-0.132739446752,-0.174964696180,0.206872215348,-0.001268126785,-0.028757504994,-0.201027123422,-0.100724741079,-0.198219588229,0.357801752031,0.087766076810,0.031119405266,-0.147293312699,0.103040632210,0.127957512409,0.083840916817
0.108540073622,-0.135120369066,0.196182484005,0.163150512903,0.138324029669,0.274406272827,-0.185226934825,0.179488468000,-0.183848076661,-0.225032655636,0.190098016607,-0.172641241520,0.105495225333,0.384877320295,0.152184504377,0.204242381410,-0.109881765954,-0.194619445965,-0.026865773492,-0.170871901375,-0.203001830458,-0.112973223191,0.120608263790,-0.099820699503,-0.079582226150,0.325997769589,-0.156098232376,-0.206593777768,0.315895978263,-0.005563997614,0.116781414758,-0.224847906907,0.187620042013,0.185482160656,-0.016124326221,0.045272427506,0.093301926163,0.257807879281,0.018087842835,0.412579583177,0.093170631254,0.021028205571,0.062211472858,-0.228092864433,-0.123428601174,0.195900014246,0.127771500819,0.110097092119,-0.069356587305,0.011764825978,-0.122574568219,0.258074010228,0.180937525825,0.063551573906,0.113466683659,0.034103928819,-0.006529980755,-0.084836480490,0.273263539941,0.052699225715,0.023805461366,0.007533717586,0.535658737135,-0.246869660922
-0.054211020537,0.046415353942,0.087760154198,0.091119080554,-0.095517958280,-0.019802298955,0.039440433321,0.211698618353,-0.136295739990,0.110679597298,-0.019337755237,0.024709153118,0.143404202982,0.067146128672,-0.204396490024,0.109522716243,0.046628947418,0.085053454056,0.155811428466,0.170351361266,0.195922750832,-0.007944960247,-0.004890147048,-0.021403356447,-0.147205115628,0.211262806551,-0.145879608325,0.179084657698,0.208887018109,0.024175130652,-0.063855552656,-0.190435326265,-0.203235109251,0.088908548001,-0.167163939174,0.045417301862,0.097752637324,0.310460945852,0.120190073607,0.067594761634,0.146911647326,0.157049078967,-0.172540793209,0.100922409561,-0.076705345302,0.208449374943,0.199221932918,-0.183286546441,0.161475233594,0.052126407662,0.201220158331,0.038804714693,0.174183711471,-0.186012606374,-0.073383957948,-0.183108096033,0.201002815677,0.277205011916,0.379462080197,0.191215152269,-0.102890692326,-0.009344991609,0.066923751582,-0.177497892604
-0.119992212561,-0.021447609337,-0.098330015668,-0.045692017190,-0.141339147214,-0.178148782913,0.242330601992,0.318446407455,0.198830781469,0.119208369654,-0.094208632521,0.131363530047,-0.073854029924,-0.127691021500,-0.113703343598,-0.159354819141,-0.103519942300,-0.061499053706,0.078337187553,-0.200983821885,-0.123054453370,0.093714912356,-0.150082456692,-0.066886630918,0.155005112191,-0.154493950666,-0.190290314541,-0.006572415108,-0.051475161663,0.026498559483,0.127253046367,-0.154236838677,0.030713030292,-0.045336947547,-0.151290985626,0.052707881280,-0.115171098397,-0.058127724683,-0.017692629700,-0.098564077636,-0.088064051319,0.149048867953,-0.215050244112,-0.034597503932,0.011454335857,0.116847496623,0.069426782937,0.216640389482,0.106765042859,0.153961165359,-0.079115710004,0.135245527367,0.191944929930,0.208050380560,0.163093531264,-0.054635250046,-0.129575187568,0.108048573836,0.132451839418,0.000282621350,-0.007149289412,0.140950265994,-0.064022741015,0.094181137546
-0.058362647268,-0.129413790931,-0.011748682579,0.321829597961,-0.158989138934,-0.080982156142,0.306513997765,-0.140962288663,0.023747626280,0.248987833454,-0.025265039724,0.135086221759,-0.115694372481,0.141530472938,-0.054335154644,0.063359889772,-0.152504660047,0.025178980417,-0.113315484527,-0.132639384020,-0.119655923350,-0.174146974711,0.138449547131,-0.257935842518,0.178266643811,0.321957398403,0.000632253495,-0.156371798715,0.024982541891,0.090991711420,-0.047294935526,-0.180298349752,0.050155582458,0.187240408833,0.065400774436,-0.136154918284,0.033307106452,-0.015510510337,-0.107959431306,0.262914443681,-0.120658766643,-0.083618949211,-0.185202874826,0.159040894300,0.105112877028,0.120292504050,0.098698590106,-0.142624117221,-0.011350616718,-0.063241989085,-0.172672904317,0.047413361394,0.138883092836,-0.195506495466,-0.099170233654,-0.188990716160,-0.137197787309,0.185515506226,0.128390712784,-0.031868215480,0.048099987789,-0.117345077184,0.164785296112,-0.082952421171
0.031044846522,0.188988246286,0.114534304671,0.145386576068,0.139232566579,-0.175742871791,-0.120497900255,0.034338795518,-0.067836060401,0.207685858277,0.048937799890,0.203636394457,0.004188631525,-0.033811037191,-0.191177641742,-0.204316014295,0.021746501076,-0.026269965310,0.151754314953,-0.138063029844,-0.201919701930,-0.056504894247,-0.111589661802,-0.191229048466,0.095469713104,-0.181884016981,0.011181461186,-0.093068909069,-0.119109451119,-0.051322579121,0.128539138898,-0.045867648412,0.097041688388,-0.192306536455,0.116164068623,-0.111821422821,0.033599484062,-0.044409417830,0.414336855097,-0.088410667493,-0.184465594698,-0.227357860374,0.133586463188,0.010514346588,0.150823336409,-0.133470113150,0.014692404795,0.039191748376,0.227836704074,0.071355401313,0.184141945267,0.042959424646,0.086653438633,0.075874758446,-0.077553920899,0.147972303076,0.190074364207,0.282809149572,0.132548351109,-0.095751975694,-0.084211545934,0.186922907583,-0.223445188837,0.055400127066
0.098038691993,0.011226819666,0.216525682349,-0.015073078297,-0.068047102226,-0.169826873746,0.020351160111,-0.199543206030,-0.085889548168,0.175375407000,0.175063674289,-0.099642274126,-0.056174277727,0.192694238120,-0.186261529996,-0.172876779861,-0.143337012800,0.019263959051,-0.108395057189,0.139554739451,-0.022640926826,-0.009091873493,-0.107687505573,-0.174302448763,0.055445237733,0.138652739226,0.107911388652,0.016122913505,0.157413054686,0.120190247039,0.116152751419,-0.189958994464,-0.164761944710,-0.109153153539,-0.000528764500,-0.011423947842,-0.041788869713,0.199557615968,0.170965152448,0.177071334287,-0.108348029274,0.114465565014,-0.053327964142,-0.130579116663,-0.162891679994,-0.037812605552,-0.049180348439,0.096159265966,-0.166865613092,0.099859636360,0.013370501064,-0.053171667924,-0.065561573610,-0.085038374383,0.030721262410,-0.095429991788,-0.066846860246,-0.295440300969,0.037003368884,0.143712936938,-0.074658548684,0.111669903233,0.110684184750,0.159346555759
0.139320200454,-0.010182068091,0.066494936849,0.138347129448,-0.042575239237,-0.065105082833,-0.214977903855,-0.014967821984,0.110169121107,-0.224467586308,0.019192040457,-0.021108299872,-0.165515103611,0.233678894417,-0.121273862565,-0.183925836123,0.040316657072,0.082240524234,-0.165454247195,0.019833196033,0.014443771184,-0.169479797048,-0.139199866372,-0.125383099237,-0.098794950934,0.220391293737,0.134182399870,0.189856847725,-0.116874674932,0.189153622887,-0.021384788771,-0.063678623932,-0.166636317630,-0.177488602417,0.017715199022,0.001294549561,-0.117781727763,0.092260049601,-0.131361493074,0.075303391014,-0.084203474499,0.149694563289,0.189141617096,-0.014638175025,-0.099734300585,-0.038509858133,0.114899478333,-0.124486846042,-0.126789651779,-0.176536007494,-0.014157713481,-0.003063678370,0.079459896991,-0.118492718927,-0.056263291758,0.065080978045,0.187402968065,-0.168443672610,0.002486579836,-0.102277037331,0.151257695515,-0.151885611721,0.220691279371,0.081411911223
-0.015507448227,-0.188439077778,-0.000495409803,-0.620158862066,-0.143066953016,0.149764160325,-0.142175910264,0.026434520200,0.080732811858,-0.781506610864,-0.038698835573,-0.446387677615,0.039130530812,0.284006554906,0.068766658564,-0.178939289983,-0.061776854620,0.009334106143,-0.040433482854,0.187907254986,0.136548589177,0.088083582800,-0.053789073120,0.006826076198,-0.175063812838,0.013860928364,-0.036907649600,0.065671533757,0.123560156795,-0.163533835043,-0.052306342042,-0.151152306393,-0.144732295762,0.241656209571,-0.159541647440,-0.041483217344,-0.141036257389,0.241971549098,-0.019492085223,-0.005423406896,-0.014989805574,0.098260829723,0.162362910584,-0.300686189435,0.164153803258,0.210005751815,0.135885294753,-0.053713407206,0.055182703341,-0.041142135193,0.107286452403,-0.038911425495,0.075462626397,-0.030410309403,0.098401912664,0.158045541254,-0.069254474435,0.106182640920,0.080022461101,0.146094934435,0.071735034168,-0.035454160017,0.251333341013,-0.079306512447
0.146313902939,-0.006792355274,0.005991532150,-0.081414148225,0.031047956935,-0.074297258361,-0.195842174302,-0.096916267887,-0.209822843129,0.203333671523,0.197974584423,-0.044566206676,0.097073313654,-0.065543009049,0.072726354463,0.129828766694,0.189902118609,-0.042416643197,0.120421119571,-0.099496500965,0.208424939593,-0.201580523996,0.044006860397,0.067801008282,0.079932289940,-0.161361377473,0.186405307020,-0.135519025141,0.052178635707,-0.117881732469,-0.081946276690,0.019748074272,-0.035198490085,-0.144427479169,-0.139874652184,-0.034794092599,0.109362954043,0.169162335090,-0.176774334878,-0.045438188423,-0.169923118646,-0.205481430131,0.068741558328,0.043548056263,-0.143240044158,-0.113147846377,-0.202456949924,0.142375590133,0.201776138430,-0.154954759120,-0.114141495303,0.156599375934,0.181276433635,-0.034163887947,-0.191016344115,-0.195790137619,0.031433777153,-0.045526942211,-0.200355123555,0.035387990358,-0.207730020035,0.122152839115,-0.082279358148,-0.195421956110
0.037555768157,-0.043491158091,0.201397749586,0.018787470234,-0.095538800428,0.089025916449,-0.097131608907,0.171831190686,-0.053251775433,0.021197567657,-0.191037329098,-0.031403553056,0.141277354441,0.129921755719,-0.117183565662,-0.116435226960,0.134876572518,0.182948918582,-0.171999427507,-0.021228511726,-0.069093106503,0.157568078503,-0.177030544038,-0.122791334584,0.107316400742,-0.190730962855,-0.003172976391,-0.024608490418,-0.070390883894,-0.044814014172,0.012726807869,-0.143942153772,0.030603198007,0.129829738509,0.110586281297,-0.147116334982,-0.149093089556,-0.098541831785,-0.059052792456,-0.038912671605,0.076383671387,-0.188441294672,-0.197796092084,-0.045945441927,0.083808124217,-0.130311055648,0.060149133006,-0.102089553257,0.164113139772,0.168195430106,-0.086166874741,-0.114771217570,-0.037701909748,-0.110291914824,0.073274984836,0.138599907970,0.073576055769,0.137871239264,-0.043785412879,-0.146088915752,0.101145511837,-0.059307927731,0.072801875639,-0.097492092950
-0.189632920482,0.217311276301,-0.141245867524,0.068671614797,0.202876784468,0.151360726886,-0.009451055249,0.033374777478,0.149927783579,-0.231541231268,-0.007430490308,-0.007679999349,-0.037750153435,-0.001422531389,-0.072140684288,0.027491234238,0.149018276502,-0.133406037262,0.186242135684,0.096403677909,0.137413340512,0.044756253880,0.118813814956,-0.153504526310,0.131287258427,-0.177403756712,0.165739991606,0.204213875255,-0.070619748324,-0.102079734014,0.110875250841,-0.104674984713,0.152799807880,-0.118304881887,-0.143382815740,0.204928582240,0.073893483237,0.165628408068,-0.070578251439,0.112139562372,0.033509826807,0.044727111590,0.068800052480,0.010180587538,-0.030153370028,-0.096463807990,0.112057132021,-0.134527395116,0.079990257371,-0.113351883816,0.053273938714,0.089779398888,-0.119566387407,-0.187054351153,-0.155962881025,0.059916720680,0.184381016231,-0.207708304040,0.116499938904,-0.067310127626,0.062753386098,0.185283862336,-0.062082415193,0.005104429408
-0.222904474552,-0.225783535839,-0.117044813957,-0.010463240227,0.056666101543,0.008051965914,0.104147559662,-0.069676840414,-0.086491603019,0.238966373952,0.194892362076,-0.152008905783,0.155406621312,0.116425776830,0.027170210359,-0.007473614738,-0.183037117766,-0.173626253361,0.081116606596,-0.076713763304,0.180402024648,-0.078206371696,-0.151629904549,-0.020455799274,-0.087839002897,0.089150332816,0.040762937236,0.170139765529,0.200252379532,0.061390034161,0.085807886246,0.188809259270,-0.069972965419,-0.163700246327,-0.138424644083,-0.110468654716,0.014009992606,0.093775114732,0.146612444725,-0.129481699537,0.087921143013,-0.086843936065,0.088325547544,0.025520960407,-0.065633372559,-0.130001240222,-0.126472558165,0.283547202845,0.199096418168,0.063670217844,-0.168567765198,0.059049129910,0.077689415026,0.118943113467,-0.166032234440,-0.244708627726,0.083571934190,0.030381040359,0.021941007017,-0.227291195332,0.036840678209,0.163517543615,0.307003025817,-0.008738164622
0.007881323009,-0.222122171002,0.007991886373,-0.095259640575,0.046234627987,-0.040374268591,-0.136371138736,-0.312321037821,-0.090647246357,-0.264660575745,-0.143395200024,0.183395402821,-0.033509855405,0.056390603349,0.158813561090,0.209496490804,0.035159327613,0.119995472480,-0.028893775732,-0.120402736904,-0.038761452654,0.070006953368,0.077443993662,-0.238807409303,-0.164094932507,0.090297099175,-0.167192750980,0.022731802797,0.071222781873,0.090803630715,0.118969031817,0.160942556359,0.017146330617,0.112529867402,-0.016468651514,-0.111602419923,-0.216193413744,-0.061179656267,0.000989523560,0.106396115565,0.129427091796,-0.131544260825,-0.095244610294,0.195258043073,-0.199548958872,-0.008949909836,0.053475810306,0.044116524811,-0.160804472012,-0.188294016070,-0.167696666452,0.062032330180,-0.047029380620,-0.113178468778,0.055123615105,0.070593683142,-0.139713506180,-0.077595394943,0.112935861854,-0.126284256887,-0.070682205800,0.055613861541,0.201306439183,0.145265944475
